symbol,Date,Open,High,Low,Close,Adj Close,Volume
nio,8/26/2020,19.01,20.969999,18.559999,20.440001,20.440001,364104600
nio,8/27/2020,19.99,20.469999,18.76,19.879999,19.879999,199850300
nio,8/28/2020,18.870001,19.440001,18.110001,18.5,18.5,154799800
nio,8/31/2020,17.190001,19.83,16.82,19.030001,19.030001,226610900
nio,9/1/2020,19.450001,20.379999,18.75,20.120001,20.120001,137226000
nio,9/2/2020,20.92,21.049999,18.5,19.9,19.9,153460600
nio,9/3/2020,19.09,19.84,18.35,18.700001,18.700001,128358400
nio,9/4/2020,18.540001,19.18,15.61,17.98,17.98,163329800
nio,9/8/2020,17.17,17.860001,16.51,17.030001,17.030001,89624600
nio,9/9/2020,17.9,18.629999,17.700001,18.09,18.09,90988400
nio,9/10/2020,18.49,18.719999,17.49,17.74,17.74,79679800
nio,9/11/2020,18,18.1,17.450001,17.969999,17.969999,55373500
nio,9/14/2020,18.18,18.780001,17.9,18.73,18.73,68234900
nio,9/15/2020,19.1,20.25,18.879999,19.190001,19.190001,111630500
nio,9/16/2020,19.27,19.540001,18.52,19.01,19.01,57671000
nio,9/17/2020,18.26,19.33,18.08,19.299999,19.299999,55186600
nio,9/18/2020,19.719999,19.879999,18.940001,19.41,19.41,54885500
nio,9/21/2020,19.049999,19.27,17.66,18.809999,18.809999,75969500
nio,9/22/2020,18.48,19.450001,18.370001,19.23,19.23,61061100
nio,9/23/2020,19.219999,19.360001,17.799999,17.959999,17.959999,70568100
nio,9/24/2020,17.32,18.389999,16.75,17.85,17.85,71069500
nio,9/25/2020,18.02,18.620001,17.950001,18.32,18.32,44122100
nio,9/28/2020,18.879999,19.16,18.43,18.809999,18.809999,42786200
nio,9/29/2020,18.76,21.120001,18.709999,20.85,20.85,163159200
nio,9/30/2020,21.719999,22.59,20.76,21.219999,21.219999,183530500
nio,10/1/2020,21.68,21.959999,20.83,21.76,21.76,79117100
nio,10/2/2020,20.83,22.200001,20.799999,21.18,21.18,92713600
nio,10/5/2020,21.66,21.92,21.07,21.59,21.59,60860100
nio,10/6/2020,21.709999,21.940001,20.6,20.67,20.67,73217100
nio,10/7/2020,21.059999,21.77,20.790001,21.559999,21.559999,59354300
nio,10/8/2020,22.049999,22.450001,21.290001,21.440001,21.440001,77719600
nio,10/9/2020,21.620001,21.74,21.32,21.469999,21.469999,37329000
nio,10/12/2020,21.879999,22.18,21.549999,21.85,21.85,45476800
nio,10/13/2020,21.860001,21.969999,21.17,21.620001,21.620001,42581500
nio,10/14/2020,23.98,26.959999,23.73,26.5,26.5,382663200
nio,10/15/2020,27.200001,29.23,25.780001,28.07,28.07,385210600
nio,10/16/2020,29.18,29.4,27.940001,28.48,28.48,186764700
nio,10/19/2020,28.209999,28.559999,27.219999,27.629999,27.629999,115708700
nio,10/20/2020,27.42,28.299999,27.049999,27.959999,27.959999,105233400
nio,10/21/2020,27.9,28.43,27.389999,27.860001,27.860001,65357900
nio,10/22/2020,28.15,28.280001,26.809999,27.379999,27.379999,72173300
nio,10/23/2020,27.370001,27.42,26.48,27.16,27.16,51784000
nio,10/26/2020,26.610001,27.35,25.459999,26.01,26.01,72610300
nio,10/27/2020,26.209999,28.459999,26.030001,28.440001,28.440001,104257700
nio,10/28/2020,27.92,28.1,26.51,27.51,27.51,89374900
nio,10/29/2020,28.52,32.200001,28.32,31.99,31.99,214034700
nio,10/30/2020,31.389999,31.59,30.030001,30.58,30.58,136607400
nio,11/2/2020,33.950001,34.939999,31.68,33.32,33.32,265719900
nio,11/3/2020,33.57,35.869999,32.779999,35.5,35.5,217608100
nio,11/4/2020,37.439999,39.75,35.82,37.709999,37.709999,339385900
nio,11/5/2020,38.779999,42.490002,38.25,42.349998,42.349998,302472600
nio,11/6/2020,41.09,43.299999,40.049999,41.630001,41.630001,288784300
nio,11/9/2020,41.650002,45.290001,40.380001,44.02,44.02,218733300
nio,11/10/2020,44.5,45.200001,38.110001,41.549999,41.549999,237403600
nio,11/11/2020,39.709999,43.23,38.639999,43.080002,43.080002,179581200
nio,11/12/2020,44.48,49.349998,43.950001,48.299999,48.299999,345932900
nio,11/13/2020,51.290001,54.200001,40.549999,44.560001,44.560001,577185100
nio,11/16/2020,41.119999,45.849998,41.099998,45.580002,45.580002,306209100
nio,11/17/2020,47.57,49.369999,44.959999,46.59,46.59,345578500
nio,11/18/2020,45.75,46.720001,42.5,45.060001,45.060001,271678300
nio,11/19/2020,45.360001,48.919998,44.68,48.450001,48.450001,233779100
nio,11/20/2020,48.27,50.59,47.880001,49.25,49.25,209106300
nio,11/23/2020,50.860001,55.700001,50.48,55.380001,55.380001,270203000
nio,11/24/2020,56.990002,57.200001,51.5,53.509998,53.509998,243669700
nio,11/25/2020,49.98,53.990002,49.25,53.689999,53.689999,204508500
nio,11/27/2020,54.860001,55.549999,52.599998,54,54,105795100
nio,11/30/2020,54.209999,54.389999,48.18,50.529999,50.529999,179765400
nio,12/1/2020,52.02,52.099998,44.049999,45.360001,45.360001,248227000
nio,12/2/2020,40.16,48,38.43,47.98,47.98,313028300
nio,12/3/2020,47.900002,48.650002,45.209999,45.349998,45.349998,173424000
nio,12/4/2020,44.66,45.16,41.650002,43.040001,43.040001,191969900
nio,12/7/2020,42.5,46.32,42.41,45.110001,45.110001,165048500
nio,12/8/2020,47.209999,48.299999,45.669998,46.560001,46.560001,115799600
nio,12/9/2020,47.080002,47.200001,42.959999,44.009998,44.009998,121387900
nio,12/10/2020,42.439999,45.669998,41.889999,45.220001,45.220001,107376800
nio,12/11/2020,42.48,43.630001,41.259998,41.98,41.98,147076100
nio,12/14/2020,39.939999,41.48,39.509998,40.98,40.98,171598200
nio,12/15/2020,42.470001,43.84,41.27,43.5,43.5,132336900
nio,12/16/2020,44.25,45.259998,43.330002,44.669998,44.669998,120109600
nio,12/17/2020,45.169998,46.049999,43.900002,46,46,130003700
nio,12/18/2020,45.889999,48,45.52,46.720001,46.720001,126251100
nio,12/21/2020,45.630001,49.490002,45.02,48.950001,48.950001,132558100
nio,12/22/2020,49.610001,49.84,46.529999,47.580002,47.580002,117118300
nio,12/23/2020,47.48,48.360001,45.810001,47.009998,47.009998,81247900
nio,12/24/2020,46.880001,47.130001,45.349998,45.77,45.77,60582500
nio,12/28/2020,46.669998,46.849998,43.669998,44.060001,44.060001,105078000
nio,12/29/2020,43.700001,46.279999,42.23,46.139999,46.139999,120689900
nio,12/30/2020,46.5,48.380001,45.720001,48.380001,48.380001,116691700
nio,12/31/2020,48.459999,50.5,47.77,48.740002,48.740002,129344300
nio,1/4/2021,51.200001,54.450001,50.669998,53.490002,53.490002,213109700
nio,1/5/2021,51.970001,53.75,50.400002,53.200001,53.200001,147474800
nio,1/6/2021,54.02,55.279999,49.080002,50.5,50.5,176397700
nio,1/7/2021,53.049999,54.610001,52.349998,54.279999,54.279999,119429200
nio,1/8/2021,57.759998,59.310001,55.880001,58.919998,58.919998,218512800
nio,1/11/2021,64.949997,66.989998,62.189999,62.700001,62.700001,279770300
nio,1/12/2021,61.419998,64.129997,60.419998,62.040001,62.040001,184854200
nio,1/13/2021,62.939999,64.410004,61.41,62.150002,62.150002,116059200
nio,1/14/2021,62.630001,63.23,60.040001,60.869999,60.869999,99338400
nio,1/15/2021,59.84,60.220001,55.669998,56.27,56.27,132247900
nio,1/19/2021,58.209999,59.009998,56.41,58.439999,58.439999,99561100
nio,1/20/2021,59.849998,60.09,56.189999,57.709999,57.709999,94983600
nio,1/21/2021,57.02,58.580002,55.880001,58.34,58.34,73119500
nio,1/22/2021,58.950001,62.169998,58.32,61.950001,61.950001,133918100
nio,1/25/2021,64.050003,64.519997,58.349998,59.990002,59.990002,111986400
nio,1/26/2021,60.040001,60.669998,58.639999,60.310001,60.310001,70393300
nio,1/27/2021,57.950001,59.790001,56.599998,57.150002,57.150002,73078300
nio,1/28/2021,56.759998,59.459999,55.150002,58.369999,58.369999,73955100
nio,1/29/2021,59.029999,60.709999,56.439999,57,57,78678200
nio,2/1/2021,59.07,59.119999,54.369999,56.990002,56.990002,79878700
nio,2/2/2021,57.060001,57.540001,54.509998,55.77,55.77,66234100
nio,2/3/2021,55.959999,58.720001,54.84,57.98,57.98,80122300
nio,2/4/2021,58.790001,59.200001,57.110001,57.599998,57.599998,48667900
nio,2/5/2021,57.740002,57.98,56.009998,56.669998,56.669998,42892500
nio,2/8/2021,57.080002,59.52,56.18,59.07,59.07,64030100
nio,2/9/2021,58.950001,63.099998,58.240002,62.84,62.84,97246500
nio,2/10/2021,62.549999,64.599998,60.330002,61.259998,61.259998,90366700
nio,2/11/2021,61.689999,63.060001,59.810001,60.27,60.27,55615500
nio,2/12/2021,60.259998,61.049999,59.099998,59.849998,59.849998,39973800
nio,2/16/2021,60.400002,62.139999,58.650002,59.23,59.23,54914800
nio,2/17/2021,57.919998,58.029999,55.900002,57.32,57.32,63971200
nio,2/18/2021,55.450001,56.380001,52.599998,54.43,54.43,62127000
nio,2/19/2021,55.720001,56.040001,54.099998,55.040001,55.040001,42682700
nio,2/22/2021,54.18,54.369999,50.400002,50.68,50.68,68146000
nio,2/23/2021,45.619999,49.669998,41.66,49.110001,49.110001,142185500
nio,2/24/2021,49.310001,52.07,47.75,51.860001,51.860001,82251500
nio,2/25/2021,51.599998,51.849998,46.009998,46.810001,46.810001,94204200
li,8/26/2020,18.99,24.48,18.99,23.379999,23.379999,31561300
li,8/27/2020,22.26,22.309999,19.299999,19.379999,19.379999,29318200
li,8/28/2020,20.209999,20.5,17.6,17.6,17.6,14639300
li,8/31/2020,17.759001,18.84,16.200001,16.299999,16.299999,18322700
li,9/1/2020,17.08,18.459999,16.700001,18.290001,18.290001,18119400
li,9/2/2020,19.379999,19.68,17.200001,17.870001,17.870001,18415000
li,9/3/2020,17.174,17.6,16.26,16.91,16.91,10210100
li,9/4/2020,17.08,17.9,16.040001,16.83,16.83,11650600
li,9/8/2020,16,16.35,15.24,15.79,15.79,11067600
li,9/9/2020,16.41,16.950001,15.79,15.8,15.8,9115600
li,9/10/2020,16.17,16.73,15.86,16.049999,16.049999,5893400
li,9/11/2020,16.190001,16.700001,16.049999,16.209999,16.209999,3915000
li,9/14/2020,16.6,17.709999,16.311001,17.469999,17.469999,6429200
li,9/15/2020,17.66,18.75,17.65,18.190001,18.190001,9376700
li,9/16/2020,18.200001,18.43,17.421,17.52,17.52,5713800
li,9/17/2020,16.74,17.65,16.700001,17.26,17.26,3141300
li,9/18/2020,17.57,17.68,16.57,17.030001,17.030001,3817500
li,9/21/2020,16.5,16.870001,16,16.43,16.43,4288700
li,9/22/2020,16.559999,17.18,16.42,16.74,16.74,3043400
li,9/23/2020,16.75,16.75,15.61,15.68,15.68,6602000
li,9/24/2020,15.5,15.97,15.02,15.09,15.09,6846800
li,9/25/2020,15.35,16.07,15.23,15.8,15.8,3636800
li,9/28/2020,16.190001,16.209999,15.74,16.08,16.08,4720500
li,9/29/2020,16.08,17.16,16,17.030001,17.030001,6037800
li,9/30/2020,17.620001,18.24,17.09,17.389999,17.389999,7620300
li,10/1/2020,17.76,17.780001,16.549999,16.799999,16.799999,5425600
li,10/2/2020,16.25,18,16.200001,16.92,16.92,8396700
li,10/5/2020,17.42,18.129999,17.15,17.52,17.52,8143900
li,10/6/2020,17.719999,18.23,17.25,17.35,17.35,5659300
li,10/7/2020,17.6,18.08,17.41,17.77,17.77,3100700
li,10/8/2020,17.98,18.280001,17.719999,17.93,17.93,3228500
li,10/9/2020,18.030001,18.360001,17.5,17.6,17.6,3833100
li,10/12/2020,18.059999,19.34,17.610001,19.16,19.16,13995300
li,10/13/2020,18.809999,19.73,18.530001,19.43,19.43,7894100
li,10/14/2020,20.167,21.860001,20.059999,20.780001,20.780001,16666800
li,10/15/2020,20.35,21.469999,19.780001,20.5,20.5,11747600
li,10/16/2020,20.85,21.120001,19.610001,19.77,19.77,7456000
li,10/19/2020,20.34,20.370001,18.91,19.18,19.18,6444700
li,10/20/2020,19.209999,20.780001,19,20.49,20.49,7623900
li,10/21/2020,20.299999,21.1,19.360001,19.389999,19.389999,8402500
li,10/22/2020,20,20.1,18.719999,18.98,18.98,6343400
li,10/23/2020,18.9,18.99,18.309999,18.4,18.4,3624300
li,10/26/2020,18.299999,19.26,18.299999,19.08,19.08,5672300
li,10/27/2020,18.959999,19.610001,18.620001,19.209999,19.209999,4301800
li,10/28/2020,18.68,19.1,17.92,18.690001,18.690001,6231200
li,10/29/2020,19.309999,21.4,19.174999,20.620001,20.620001,14660600
li,10/30/2020,20.49,21.719999,20.07,20.17,20.17,11936300
li,11/2/2020,21.76,23.299999,21.360001,22.879999,22.879999,24942100
li,11/3/2020,23.4,24.17,22.049999,24.049999,24.049999,15563100
li,11/4/2020,25.690001,27.67,24.059999,25.309999,25.309999,28970600
li,11/5/2020,26.959999,28.49,26,28.09,28.09,32302800
li,11/6/2020,27.59,28.32,25.298,26.459999,26.459999,32691700
li,11/9/2020,26.370001,26.52,25.290001,26.299999,26.299999,14752100
li,11/10/2020,25.799999,26.48,23.18,25.24,25.24,16860000
li,11/11/2020,24.07,25.27,23.059999,24.969999,24.969999,11897500
li,11/12/2020,27.055,32.779999,26.4,31.780001,31.780001,83071000
li,11/13/2020,38.759998,40.806,30.110001,31.200001,31.200001,169787700
li,11/16/2020,31.33,36.970001,30.969999,35.549999,35.549999,85858000
li,11/17/2020,37.779999,38,34.450001,35.049999,35.049999,45851900
li,11/18/2020,35.07,36.650002,33.5,35.490002,35.490002,28208900
li,11/19/2020,35.599998,37.299999,34.810001,36.740002,36.740002,27079800
li,11/20/2020,37.029999,39.865002,36.299999,38.119999,38.119999,41861000
li,11/23/2020,41.48,44.18,40.860001,43.639999,43.639999,63691500
li,11/24/2020,47.580002,47.700001,41.5,43.959999,43.959999,64681300
li,11/25/2020,39.459999,41.830002,38.75,40.720001,40.720001,40985400
li,11/27/2020,40.279999,42.150002,38.279999,39.48,39.48,26503600
li,11/30/2020,38.529999,38.650002,35,35.990002,35.990002,29779800
li,12/1/2020,39.189999,39.349998,34.23,34.860001,34.860001,42380100
li,12/2/2020,31.98,35.700001,30.950001,34.75,34.75,43741900
li,12/3/2020,35.529999,36.580002,32.18,32.310001,32.310001,32565100
li,12/4/2020,30.76,32.119999,30.440001,30.530001,30.530001,51988700
li,12/7/2020,30.16,32.77,29.6,31.49,31.49,34831100
li,12/8/2020,33.77,34.740002,32.82,33.310001,33.310001,33169800
li,12/9/2020,34,34.599998,31.25,32.029999,32.029999,23729300
li,12/10/2020,31.459999,33.5,30.9,32.490002,32.490002,16466300
li,12/11/2020,32.200001,32.990002,31.059999,31.360001,31.360001,13625600
li,12/14/2020,31.74,32.099998,30.42,31.33,31.33,15147400
li,12/15/2020,31.860001,33.099998,31.25,32.150002,32.150002,18070300
li,12/16/2020,32.459999,32.483002,31.01,31.360001,31.360001,11821000
li,12/17/2020,31.469999,31.695,30.23,30.690001,30.690001,15188200
li,12/18/2020,31.01,32.25,30.719999,31.77,31.77,22147200
li,12/21/2020,31.164,33.700001,31.110001,32.860001,32.860001,20322600
li,12/22/2020,33.48,33.580002,30.629999,31.290001,31.290001,16996200
li,12/23/2020,31.290001,31.43,29.4,30.559999,30.559999,14670100
li,12/24/2020,30.290001,30.379999,29.139999,29.32,29.32,13413700
li,12/28/2020,29.746,29.789,26.879999,27.01,27.01,22950600
li,12/29/2020,27.309999,29,26.52,28.67,28.67,18394000
li,12/30/2020,29.27,29.440001,28.521,29.059999,29.059999,17018300
li,12/31/2020,29.360001,30.15,28.76,28.83,28.83,15562000
li,1/4/2021,30.34,33,29.610001,32.459999,32.459999,46632700
li,1/5/2021,32.400002,33.189999,30.450001,30.99,30.99,24022000
li,1/6/2021,31.200001,33.5,30.795,31.76,31.76,29997300
li,1/7/2021,32.974998,35.259998,32.849998,35.09,35.09,26228600
li,1/8/2021,37.099998,37.189999,33.189999,34.299999,34.299999,30247800
li,1/11/2021,34.369999,35.040001,32.326,32.790001,32.790001,24666300
li,1/12/2021,32.380001,37.18,32.34,36.75,36.75,34306700
li,1/13/2021,36.040001,36.689999,34.540001,35.549999,35.549999,18763100
li,1/14/2021,35.369999,36.25,34.52,34.700001,34.700001,14694500
li,1/15/2021,34.259998,34.759998,32.349998,32.599998,32.599998,16619900
li,1/19/2021,33.919998,36,33.380001,35.439999,35.439999,28457100
li,1/20/2021,36.779999,37.650002,33.900002,35.599998,35.599998,26123700
li,1/21/2021,35.5,36.16,34.060001,35.369999,35.369999,14516400
li,1/22/2021,34.799999,35.32,33.959999,34.439999,34.439999,20406200
li,1/25/2021,35.040001,35.200001,31.76,31.99,31.99,37025600
li,1/26/2021,33.150002,33.84,32.099998,32.5,32.5,33539700
li,1/27/2021,31.99,32.490002,31.08,31.559999,31.559999,23233200
li,1/28/2021,31.200001,32.380001,30.629999,32.209999,32.209999,17980300
li,1/29/2021,32.41,33.279999,31.58,32.25,32.25,12491400
li,2/1/2021,32.849998,32.939999,31.1,32.040001,32.040001,12273500
li,2/2/2021,31.15,31.790001,29.530001,30.200001,30.200001,28701900
li,2/3/2021,30.09,31.09,29.58,30.73,30.73,15963300
li,2/4/2021,30.83,31.4,30.6,30.84,30.84,10549800
li,2/5/2021,30.940001,30.969999,30.09,30.4,30.4,12146500
li,2/8/2021,30.309999,30.530001,29.76,30.360001,30.360001,12329400
li,2/9/2021,30.325001,32.290001,29.85,31.870001,31.870001,21648400
li,2/10/2021,31.85,33.305,31.299999,31.5,31.5,23779500
li,2/11/2021,31.76,32.650002,31.4,31.99,31.99,14889000
li,2/12/2021,31.59,32.429001,31.200001,31.85,31.85,8124300
li,2/16/2021,31.92,32.150002,29.98,30.4,30.4,14534700
li,2/17/2021,30.1,30.32,29.27,29.74,29.74,11684700
li,2/18/2021,28.959999,30.455,28.799999,29.440001,29.440001,10843300
li,2/19/2021,29.950001,30.209999,29.450001,29.84,29.84,10237400
li,2/22/2021,29.299999,29.41,27.75,27.84,27.84,14765700
li,2/23/2021,26.450001,27.35,23.52,26.99,26.99,24590200
li,2/24/2021,27.209999,28.870001,26.1,28.68,28.68,19835000
li,2/25/2021,28.9,29.01,25.129999,25.870001,25.870001,36942200
xpev,8/27/2020,23.1,25,21.200001,21.219999,21.219999,82219700
xpev,8/28/2020,23.98,24.4,22.02,22.790001,22.790001,44847300
xpev,8/31/2020,22.690001,22.790001,20.33,20.5,20.5,20816000
xpev,9/1/2020,20.98,21.790001,20.1,21.610001,21.610001,15291400
xpev,9/2/2020,21.99,22,20.379999,21.09,21.09,9090100
xpev,9/3/2020,20.93,21.049999,20,20.030001,20.030001,7897100
xpev,9/4/2020,19.98,20.18,18.01,19.030001,19.030001,10957400
xpev,9/8/2020,17.91,18.559999,17.370001,17.73,17.73,8724000
xpev,9/9/2020,18.575001,18.65,17.91,18.07,18.07,5889000
xpev,9/10/2020,18.313999,19.504999,18.309999,19.280001,19.280001,15465200
xpev,9/11/2020,19.49,19.549999,18.360001,19.1,19.1,4259700
xpev,9/14/2020,19.139999,20.559999,18.379999,20.48,20.48,6296600
xpev,9/15/2020,20.59,21.139999,20.26,21.120001,21.120001,4332400
xpev,9/16/2020,20.66,20.780001,19.620001,19.92,19.92,4053700
xpev,9/17/2020,19.01,19.67,19.01,19.24,19.24,2888000
xpev,9/18/2020,19.440001,19.48,18.860001,18.9,18.9,2789400
xpev,9/21/2020,18.27,18.379999,17.424999,18.15,18.15,5191200
xpev,9/22/2020,18.5,19.58,18.17,19.309999,19.309999,4131300
xpev,9/23/2020,19.42,19.42,18.1,18.41,18.41,3273900
xpev,9/24/2020,18,18.17,17.110001,17.450001,17.450001,3995300
xpev,9/25/2020,17.809999,18,17.120001,17.93,17.93,5330800
xpev,9/28/2020,19.02,19.450001,18.5,19.059999,19.059999,5507500
xpev,9/29/2020,19.059999,19.200001,18.530001,18.780001,18.780001,5833800
xpev,9/30/2020,19.940001,20.09,19.16,20.07,20.07,10406000
xpev,10/1/2020,20.15,20.23,18.51,18.67,18.67,10024400
xpev,10/2/2020,18,18.559999,17.98,18.190001,18.190001,4525000
xpev,10/5/2020,19.58,20.389999,19.219999,20.040001,20.040001,14572300
xpev,10/6/2020,20.440001,20.91,19.200001,19.700001,19.700001,7054000
xpev,10/7/2020,19.98,20.59,19.85,20.16,20.16,4938600
xpev,10/8/2020,20.51,20.629999,19.719999,19.860001,19.860001,3516700
xpev,10/9/2020,19.75,20.059999,19.51,20,20,2932100
xpev,10/12/2020,20.450001,20.530001,19.76,19.879999,19.879999,4898800
xpev,10/13/2020,19.700001,19.799999,19.309999,19.639999,19.639999,3824000
xpev,10/14/2020,20.309999,22.549999,20.18,22.049999,22.049999,18302700
xpev,10/15/2020,21.93,22.76,21.049999,22.16,22.16,10449200
xpev,10/16/2020,22.98,23.1,21.32,21.77,21.77,6251900
xpev,10/19/2020,21.82,21.93,19.82,19.84,19.84,8204100
xpev,10/20/2020,20.214001,20.65,20,20.139999,20.139999,5993600
xpev,10/21/2020,20.200001,20.469999,20.01,20.42,20.42,4159700
xpev,10/22/2020,20.77,20.889999,20.139999,20.82,20.82,6382600
xpev,10/23/2020,20.9,20.93,19.950001,20.049999,20.049999,4465800
xpev,10/26/2020,20.059999,20.280001,19.200001,19.620001,19.620001,4263800
xpev,10/27/2020,19.620001,20.25,19.540001,19.9,19.9,3603800
xpev,10/28/2020,19.67,19.67,18.5,19.02,19.02,5551500
xpev,10/29/2020,19.190001,20.82,19.190001,20.719999,20.719999,10753300
xpev,10/30/2020,20.41,21.360001,19.209999,19.379999,19.379999,9323700
xpev,11/2/2020,21.469999,22.459999,20.51,20.719999,20.719999,19916300
xpev,11/3/2020,21.4,22.48,20.25,22.209999,22.209999,11308100
xpev,11/4/2020,24.040001,27.440001,23.4,27.389999,27.389999,50724000
xpev,11/5/2020,30.26,36.439999,29.799999,35.849998,35.849998,89538500
xpev,11/6/2020,36.32,39.5,33.18,34.810001,34.810001,102189400
xpev,11/9/2020,35.43,36.189999,31.280001,34.07,34.07,34809300
xpev,11/10/2020,34.389999,36.5,31.01,32.900002,32.900002,32340200
xpev,11/11/2020,31.26,33.669998,30.49,33.529999,33.529999,24899000
xpev,11/12/2020,36.48,48.57,35.599998,44.73,44.73,166146200
xpev,11/13/2020,47.959999,51.27,38,41.990002,41.990002,92071900
xpev,11/16/2020,40.529999,45.490002,39,44.099998,44.099998,39098400
xpev,11/17/2020,46.279999,47.099998,42.400002,42.91,42.91,28768600
xpev,11/18/2020,43.290001,43.970001,40.099998,42.18,42.18,26428600
xpev,11/19/2020,41.720001,48.189999,41.060001,48.110001,48.110001,35122700
xpev,11/20/2020,48.66,56.77,48.299999,53.889999,53.889999,79526200
xpev,11/23/2020,56.75,73.059998,56.540001,72.169998,72.169998,100012200
xpev,11/24/2020,72.169998,74.489998,62.77,70.629997,70.629997,99907800
xpev,11/25/2020,64.650002,67.190002,63.009998,64.269997,64.269997,49197400
xpev,11/27/2020,65.290001,68.419998,61.150002,64.279999,64.279999,26582800
xpev,11/30/2020,62.759998,62.799999,55.5,58.759998,58.759998,38926500
xpev,12/1/2020,61.790001,63.349998,51.299999,52.360001,52.360001,49213900
xpev,12/2/2020,47.009998,57.380001,46.009998,56,56,60694200
xpev,12/3/2020,56.959999,57.549999,51.450001,51.82,51.82,32475600
xpev,12/4/2020,50.34,52.919998,48.400002,49.34,49.34,27406400
xpev,12/7/2020,46.07,51.080002,46,48.299999,48.299999,37935200
xpev,12/8/2020,50.049999,51.98,48.16,48.689999,48.689999,26377400
xpev,12/9/2020,47.040001,47.709999,43.549999,44.650002,44.650002,57540500
xpev,12/10/2020,42.939999,45.080002,42.84,44.799999,44.799999,27260400
xpev,12/11/2020,44.18,46.830002,43.650002,44.310001,44.310001,22730900
xpev,12/14/2020,45.93,48.099998,44.299999,47.169998,47.169998,34420400
xpev,12/15/2020,48.599998,51.240002,47.25,49.490002,49.490002,35698900
xpev,12/16/2020,50.540001,51.07,46.75,47.400002,47.400002,22522900
xpev,12/17/2020,47.009998,47.889999,45.220001,46.380001,46.380001,20787400
xpev,12/18/2020,46.060001,48.790001,44.610001,46.380001,46.380001,24368900
xpev,12/21/2020,45.110001,47.880001,45.02,46.970001,46.970001,18790900
xpev,12/22/2020,47.419998,47.490002,43.75,45.049999,45.049999,19407600
xpev,12/23/2020,44.77,44.959999,43.080002,43.799999,43.799999,13495200
xpev,12/24/2020,43.040001,44.200001,41.639999,41.869999,41.869999,15453300
xpev,12/28/2020,41.790001,41.860001,37.5,38.009998,38.009998,30945500
xpev,12/29/2020,38.75,41.818001,37.599998,41.549999,41.549999,24437000
xpev,12/30/2020,42.830002,43.240002,41.164001,42.290001,42.290001,20341500
xpev,12/31/2020,42.779999,44.66,41.950001,42.830002,42.830002,21960200
xpev,1/4/2021,45.599998,47.689999,43.48,44.099998,44.099998,39630300
xpev,1/5/2021,44.130001,44.990002,41.619999,42.34,42.34,22844800
xpev,1/6/2021,41.57,43.970001,40.599998,41.23,41.23,23483800
xpev,1/7/2021,42.400002,45.490002,42.07,44.990002,44.990002,19662000
xpev,1/8/2021,47.919998,47.950001,44.02,45.450001,45.450001,22085400
xpev,1/11/2021,46.310001,47.240002,43.599998,44.360001,44.360001,21540000
xpev,1/12/2021,45.549999,54.75,45.360001,54.299999,54.299999,57973500
xpev,1/13/2021,53.700001,54.759998,50.34,51.66,51.66,28490600
xpev,1/14/2021,52,52.040001,49.509998,50.310001,50.310001,17764400
xpev,1/15/2021,49.330002,49.669998,46.66,47.82,47.82,19804600
xpev,1/19/2021,49.970001,54.740002,49.849998,53.84,53.84,35241600
xpev,1/20/2021,55.970001,58.369999,50.810001,52.459999,52.459999,32728400
xpev,1/21/2021,53.299999,55.68,50.529999,54.310001,54.310001,21380100
xpev,1/22/2021,54.580002,57.580002,54.200001,56.389999,56.389999,22148300
xpev,1/25/2021,58.470001,60.040001,51.66,54.650002,54.650002,23297900
xpev,1/26/2021,54.75,56.380001,52.869999,54,54,12374800
xpev,1/27/2021,51.950001,53.060001,49.400002,49.959999,49.959999,17383200
xpev,1/28/2021,49.720001,51.259998,47.759998,50.16,50.16,14453400
xpev,1/29/2021,50.009998,51,47.049999,48.18,48.18,13688000
xpev,2/1/2021,51.110001,51.34,47.630001,49.27,49.27,15679300
xpev,2/2/2021,50.130001,50.130001,46.029999,47.009998,47.009998,18144000
xpev,2/3/2021,46.990002,47.990002,45.860001,47.52,47.52,13241500
xpev,2/4/2021,47.950001,48.349998,46.939999,48.130001,48.130001,9469600
xpev,2/5/2021,48.450001,48.5,46.459999,46.93,46.93,10125000
xpev,2/8/2021,46.5,48.349998,45.599998,47.610001,47.610001,14494400
xpev,2/9/2021,47.560001,49.169998,46.080002,48.75,48.75,23543800
xpev,2/10/2021,48.720001,51.189999,47.119999,47.77,47.77,20108400
xpev,2/11/2021,48.110001,48.830002,46.299999,47.130001,47.130001,11016200
xpev,2/12/2021,46.900002,47.209999,45.880001,46.889999,46.889999,8047000
xpev,2/16/2021,47.029999,47.349998,44.43,45.009998,45.009998,14906200
xpev,2/17/2021,44.23,44.369999,41.91,43.41,43.41,15257500
xpev,2/18/2021,41.950001,42.07,39.880001,41.150002,41.150002,16870700
xpev,2/19/2021,42.459999,42.580002,40.66,40.880001,40.880001,14054100
xpev,2/22/2021,39.740002,40.470001,37.799999,38,38,22573900
xpev,2/23/2021,36.400002,38.040001,32.720001,37.91,37.91,35811800
xpev,2/24/2021,37.830002,39.080002,35.75,38.709999,38.709999,17450100
xpev,2/25/2021,38,38.009998,34.75,35.400002,35.400002,21883800
tsla,8/26/2020,412,433.200012,410.726013,430.634003,430.634003,71197000
tsla,8/27/2020,436.09201,459.119995,428.5,447.75,447.75,118465000
tsla,8/28/2020,459.023987,463.697998,437.303986,442.679993,442.679993,100406000
tsla,8/31/2020,444.609985,500.140015,440.109985,498.320007,498.320007,118374400
tsla,9/1/2020,502.140015,502.48999,470.51001,475.049988,475.049988,90119400
tsla,9/2/2020,478.98999,479.040009,405.119995,447.369995,447.369995,96176100
tsla,9/3/2020,407.230011,431.799988,402,407,407,87596100
tsla,9/4/2020,402.809998,428,372.019989,418.320007,418.320007,110321900
tsla,9/8/2020,356,368.73999,329.880005,330.209991,330.209991,115465700
tsla,9/9/2020,356.600006,369,341.51001,366.279999,366.279999,79465800
tsla,9/10/2020,386.209991,398.98999,360.559998,371.339996,371.339996,84930600
tsla,9/11/2020,381.940002,382.5,360.5,372.720001,372.720001,60717500
tsla,9/14/2020,380.950012,420,373.299988,419.619995,419.619995,83020600
tsla,9/15/2020,436.559998,461.940002,430.700012,449.76001,449.76001,97298200
tsla,9/16/2020,439.869995,457.790009,435.309998,441.76001,441.76001,72279300
tsla,9/17/2020,415.600006,437.790009,408,423.429993,423.429993,76779200
tsla,9/18/2020,447.940002,451,428.799988,442.149994,442.149994,86406800
tsla,9/21/2020,453.130005,455.679993,407.070007,449.390015,449.390015,109476800
tsla,9/22/2020,429.600006,437.76001,417.600006,424.230011,424.230011,79580800
tsla,9/23/2020,405.160004,412.149994,375.880005,380.359985,380.359985,95074200
tsla,9/24/2020,363.799988,399.5,351.299988,387.790009,387.790009,96561100
tsla,9/25/2020,393.470001,408.730011,391.299988,407.339996,407.339996,67208500
tsla,9/28/2020,424.619995,428.079987,415.549988,421.200012,421.200012,49719600
tsla,9/29/2020,416,428.5,411.600006,419.070007,419.070007,50219300
tsla,9/30/2020,421.320007,433.929993,420.470001,429.01001,429.01001,48145600
tsla,10/1/2020,440.76001,448.880005,434.420013,448.160004,448.160004,50741500
tsla,10/2/2020,421.390015,439.130005,415,415.089996,415.089996,71430000
tsla,10/5/2020,423.350006,433.640015,419.329987,425.679993,425.679993,44722800
tsla,10/6/2020,423.790009,428.779999,406.049988,413.980011,413.980011,49146300
tsla,10/7/2020,419.869995,429.899994,413.850006,425.299988,425.299988,43127700
tsla,10/8/2020,438.440002,439,425.299988,425.920013,425.920013,40421100
tsla,10/9/2020,430.130005,434.589996,426.459991,434,434,28925700
tsla,10/12/2020,442,448.73999,438.579987,442.299988,442.299988,38791100
tsla,10/13/2020,443.350006,448.890015,436.600006,446.649994,446.649994,34463700
tsla,10/14/2020,449.779999,465.899994,447.350006,461.299988,461.299988,48045400
tsla,10/15/2020,450.309998,456.570007,442.5,448.880005,448.880005,35672400
tsla,10/16/2020,454.440002,455.950012,438.850006,439.670013,439.670013,32775900
tsla,10/19/2020,446.23999,447,428.869995,430.829987,430.829987,36287800
tsla,10/20/2020,431.75,431.75,419.049988,421.940002,421.940002,31656300
tsla,10/21/2020,422.700012,432.950012,421.25,422.640015,422.640015,32370500
tsla,10/22/2020,441.920013,445.230011,424.51001,425.790009,425.790009,39993200
tsla,10/23/2020,421.839996,422.890015,407.380005,420.630005,420.630005,33717000
tsla,10/26/2020,411.630005,425.76001,410,420.279999,420.279999,28239200
tsla,10/27/2020,423.76001,430.5,420.100006,424.679993,424.679993,22686500
tsla,10/28/2020,416.480011,418.600006,406,406.019989,406.019989,25451400
tsla,10/29/2020,409.959991,418.059998,406.459991,410.829987,410.829987,22655300
tsla,10/30/2020,406.899994,407.589996,379.109985,388.040009,388.040009,42511300
tsla,11/2/2020,394,406.980011,392.299988,400.51001,400.51001,29021100
tsla,11/3/2020,409.730011,427.769989,406.690002,423.899994,423.899994,34351700
tsla,11/4/2020,430.619995,435.399994,417.100006,420.980011,420.980011,32143100
tsla,11/5/2020,428.299988,440,424,438.089996,438.089996,28414500
tsla,11/6/2020,436.100006,436.570007,424.279999,429.950012,429.950012,21706000
tsla,11/9/2020,439.5,452.5,421,421.26001,421.26001,34833000
tsla,11/10/2020,420.089996,420.089996,396.029999,410.359985,410.359985,30284200
tsla,11/11/2020,416.450012,418.700012,410.579987,417.130005,417.130005,17357700
tsla,11/12/2020,415.049988,423,409.519989,411.76001,411.76001,19855100
tsla,11/13/2020,410.850006,412.529999,401.660004,408.5,408.5,19771100
tsla,11/16/2020,408.929993,412.450012,404.089996,408.089996,408.089996,26838600
tsla,11/17/2020,460.170013,462,433.01001,441.609985,441.609985,61188300
tsla,11/18/2020,448.350006,496,443.5,486.640015,486.640015,78044000
tsla,11/19/2020,492,508.609985,487.570007,499.269989,499.269989,62475300
tsla,11/20/2020,497.98999,502.5,489.059998,489.609985,489.609985,32911900
tsla,11/23/2020,503.5,526,501.790009,521.849976,521.849976,50260300
tsla,11/24/2020,540.400024,559.98999,526.200012,555.380005,555.380005,53648500
tsla,11/25/2020,550.059998,574,545.369995,574,574,48930200
tsla,11/27/2020,581.159973,598.780029,578.450012,585.76001,585.76001,37561100
tsla,11/30/2020,602.210022,607.799988,554.51001,567.599976,567.599976,63003100
tsla,12/1/2020,597.590027,597.849976,572.049988,584.76001,584.76001,40382800
tsla,12/2/2020,556.440002,571.539978,541.210022,568.820007,568.820007,47775700
tsla,12/3/2020,590.02002,598.969971,582.429993,593.380005,593.380005,42552000
tsla,12/4/2020,591.01001,599.039978,585.5,599.039978,599.039978,29401300
tsla,12/7/2020,604.919983,648.789978,603.049988,641.76001,641.76001,56309700
tsla,12/8/2020,625.51001,651.280029,618.5,649.880005,649.880005,64265000
tsla,12/9/2020,653.690002,654.320007,588,604.47998,604.47998,71291200
tsla,12/10/2020,574.369995,627.75,566.340027,627.070007,627.070007,67083200
tsla,12/11/2020,615.01001,624,596.799988,609.98999,609.98999,46475000
tsla,12/14/2020,619,642.75,610.200012,639.830017,639.830017,52040600
tsla,12/15/2020,643.280029,646.900024,623.799988,633.25,633.25,45223600
tsla,12/16/2020,628.22998,632.5,605,622.77002,622.77002,42095800
tsla,12/17/2020,628.190002,658.820007,619.5,655.900024,655.900024,56270100
tsla,12/18/2020,668.900024,695,628.539978,695,695,222126200
tsla,12/21/2020,666.23999,668.5,646.070007,649.859985,649.859985,58045300
tsla,12/22/2020,648,649.880005,614.22998,640.340027,640.340027,51716000
tsla,12/23/2020,632.200012,651.5,622.570007,645.97998,645.97998,33173000
tsla,12/24/2020,642.98999,666.090027,641,661.77002,661.77002,22865600
tsla,12/28/2020,674.51001,681.400024,660.799988,663.690002,663.690002,32278600
tsla,12/29/2020,661,669.900024,655,665.98999,665.98999,22910800
tsla,12/30/2020,672,696.599976,668.359985,694.780029,694.780029,42846000
tsla,12/31/2020,699.98999,718.719971,691.119995,705.669983,705.669983,49649900
tsla,1/4/2021,719.460022,744.48999,717.190002,729.77002,729.77002,48638200
tsla,1/5/2021,723.659973,740.840027,719.200012,735.109985,735.109985,32245200
tsla,1/6/2021,758.48999,774,749.099976,755.97998,755.97998,44700000
tsla,1/7/2021,777.630005,816.98999,775.200012,816.039978,816.039978,51498900
tsla,1/8/2021,856,884.48999,838.390015,880.02002,880.02002,75055500
tsla,1/11/2021,849.400024,854.429993,803.619995,811.190002,811.190002,59554100
tsla,1/12/2021,831,868,827.340027,849.440002,849.440002,46270700
tsla,1/13/2021,852.76001,860.469971,832,854.409973,854.409973,33312500
tsla,1/14/2021,843.390015,863,838.75,845,845,31266300
tsla,1/15/2021,852,859.900024,819.099976,826.159973,826.159973,38777600
tsla,1/19/2021,837.799988,850,833,844.549988,844.549988,25367000
tsla,1/20/2021,858.73999,859.5,837.280029,850.450012,850.450012,25665900
tsla,1/21/2021,855,855.719971,841.419983,844.98999,844.98999,20598100
tsla,1/22/2021,834.309998,848,828.619995,846.640015,846.640015,20066500
tsla,1/25/2021,855,900.400024,838.820007,880.799988,880.799988,41173400
tsla,1/26/2021,891.380005,895.900024,871.599976,883.090027,883.090027,23131600
tsla,1/27/2021,870.349976,891.5,858.659973,864.159973,864.159973,27334000
tsla,1/28/2021,820,848,801,835.429993,835.429993,26378000
tsla,1/29/2021,830,842.409973,780.099976,793.530029,793.530029,34990800
tsla,2/1/2021,814.289978,842,795.559998,839.809998,839.809998,25391400
tsla,2/2/2021,844.679993,880.5,842.200012,872.789978,872.789978,24346200
tsla,2/3/2021,877.02002,878.080017,853.059998,854.690002,854.690002,18343500
tsla,2/4/2021,855,856.5,833.419983,849.98999,849.98999,15812700
tsla,2/5/2021,845,864.77002,838.969971,852.22998,852.22998,18524800
tsla,2/8/2021,869.669983,877.77002,854.75,863.419983,863.419983,20161700
tsla,2/9/2021,855.119995,859.799988,841.75,849.460022,849.460022,15157700
tsla,2/10/2021,843.640015,844.820007,800.02002,804.820007,804.820007,36216100
tsla,2/11/2021,812.440002,829.880005,801.72998,811.659973,811.659973,21580700
tsla,2/12/2021,801.26001,817.330017,785.330017,816.119995,816.119995,23701700
tsla,2/16/2021,818,821,792.440002,796.219971,796.219971,19686700
tsla,2/17/2021,779.090027,799.840027,762.01001,798.150024,798.150024,25996500
tsla,2/18/2021,780.900024,794.690002,776.27002,787.380005,787.380005,17897000
tsla,2/19/2021,795,796.789978,777.369995,781.299988,781.299988,18904800
tsla,2/22/2021,762.640015,768.5,710.200012,714.5,714.5,37011700
tsla,2/23/2021,662.130005,713.609985,619,698.840027,698.840027,66397000
tsla,2/24/2021,711.849976,745,694.169983,742.02002,742.02002,36677100
tsla,2/25/2021,726.150024,737.210022,670.580017,682.219971,682.219971,38619900
